{"cameraMode":{"drawMode":0,"name":"Shaded","section":"Shading Mode"},"sceneLighting":true,"audioPlay":false,"sceneViewState":{"showFog":true,"showMaterialUpdate":false,"showSkybox":true,"showFlares":true,"showImageEffects":true,"showParticleSystems":true},"in2DMode":false,"pivot":{"x":0.40018630027770998,"y":2.001279354095459,"z":1.1489198207855225},"rotation":{"x":-0.3038742244243622,"y":0.6213846206665039,"z":-0.2844619154930115,"w":-0.6637944579124451},"size":7.902480602264404,"orthographic":false}