{"cameraMode":{"drawMode":0,"name":"Shaded","section":"Shading Mode"},"sceneLighting":true,"audioPlay":false,"sceneViewState":{"showFog":true,"showMaterialUpdate":false,"showSkybox":true,"showFlares":true,"showImageEffects":true,"showParticleSystems":true},"in2DMode":false,"pivot":{"x":-3.4845638275146486,"y":-6.447822570800781,"z":18.432016372680665},"rotation":{"x":-0.3242751955986023,"y":0.6278257966041565,"z":-0.32351768016815188,"w":-0.6292986273765564},"size":49.96636962890625,"orthographic":false}