{"cameraMode":{"drawMode":0,"name":"Shaded","section":"Shading Mode"},"sceneLighting":true,"audioPlay":false,"sceneViewState":{"showFog":true,"showMaterialUpdate":false,"showSkybox":true,"showFlares":true,"showImageEffects":true,"showParticleSystems":true},"in2DMode":false,"pivot":{"x":13.497734069824219,"y":8.412248611450196,"z":19.777164459228517},"rotation":{"x":-0.14354193210601808,"y":0.36083635687828066,"z":-0.05631737783551216,"w":-0.9197940826416016},"size":1719.516357421875,"orthographic":false}